ASPEN OneLiner/Power Flow Version 14.5,,,,,,,,,,,,,,,,,,,,
"Date= ""Wed Oct 11 10:39:38 2017""",,,,,,,,,,,,,,,,,,,,
OLR File Name: C:\Users\xu\Desktop\Tutorial\SAMPLE30.OLR,,,,,,,,,,,,,,,,,,,,
Browser Report for Breakers,,,,,,,,,,,,,,,,,,,,
,,,,,,,,,,,,,,,,,,,,
In Serv,No.,Bus name,Breaker name,Rating,Rating Type,Int. time,Operating kV,CPT1,CPT2,kV range Factor,Max Design kV,Rated Momentary Amps,Reclosing 1,Reclosing 2,No Derate,NACD,Last modified,In Date,Out Date,Memo
,,,,,,,,,,,,,,,,,,,,
Yes,6,NEVADA 132.kV,1E82A,3000.0 MVA,IEEE: Total current,5.5 cycles,130,4,4,1.2,139,20000,CO+8s+CO+30s+CO,CO+8s+CO+30s+CO,No,1,5/5/2009,N/A,N/A,
Yes,8,REUSENS 132.kV,2G14X,10000.0 A,IEEE: Symm. current,3.5 cycles,132,4,4,1.1,145,0,CO+5s+CO,CO+5s+CO,No,1,5/5/2009,N/A,N/A,
